{
    "1459620408583131278": {
        "requester_id": "985807246665584680",
        "link": "https://x.com/username/status/123",
        "tasks": [
            {
                "type": "comment",
                "text": "keren banget!",
                "price": 1.0,
                "assigned_to": null,
                "status": "open"
            },
            {
                "type": "comment",
                "text": "mantap nih",
                "price": 1.0,
                "assigned_to": null,
                "status": "open"
            },
            {
                "type": "comment",
                "text": "sukses terus!",
                "price": 1.0,
                "assigned_to": null,
                "status": "open"
            }
        ],
        "channel_id": "1459579645619081470",
        "message_id": "1459620408583131278",
        "liked_by": [],
        "retweeted_by": [],
        "followed_by": [],
        "expiry_timestamp": 1768330224
    },
    "1459632136242987188": {
        "requester_id": "985807246665584680",
        "link": "https://x.com/username/status/123",
        "tasks": [
            {
                "type": "comment",
                "text": "keren banget!",
                "price": 1.0,
                "assigned_to": null,
                "status": "open"
            },
            {
                "type": "comment",
                "text": "mantap nih",
                "price": 1.0,
                "assigned_to": null,
                "status": "open"
            },
            {
                "type": "comment",
                "text": "sukses terus!",
                "price": 1.0,
                "assigned_to": null,
                "status": "open"
            }
        ],
        "channel_id": "1459579645619081470",
        "message_id": "1459632136242987188",
        "liked_by": [],
        "retweeted_by": [],
        "followed_by": [],
        "expiry_timestamp": 1768333020
    },
    "1459632212025540751": {
        "requester_id": "985807246665584680",
        "link": "https://x.com/username/status/123",
        "tasks": [
            {
                "type": "comment",
                "text": "keren banget!",
                "price": 1.0,
                "assigned_to": null,
                "status": "open"
            },
            {
                "type": "comment",
                "text": "mantap nih",
                "price": 1.0,
                "assigned_to": null,
                "status": "open"
            },
            {
                "type": "comment",
                "text": "sukses terus!",
                "price": 1.0,
                "assigned_to": null,
                "status": "open"
            }
        ],
        "channel_id": "1459579645619081470",
        "message_id": "1459632212025540751",
        "liked_by": [],
        "retweeted_by": [],
        "followed_by": [],
        "expiry_timestamp": 1768333038
    },
    "1459636529122250852": {
        "requester_id": "985807246665584680",
        "link": "https://x.com/username/status/123",
        "tasks": [
            {
                "type": "comment",
                "text": "keren banget!",
                "price": 1.0,
                "assigned_to": null,
                "status": "open"
            },
            {
                "type": "comment",
                "text": "mantap nih",
                "price": 1.0,
                "assigned_to": null,
                "status": "open"
            },
            {
                "type": "comment",
                "text": "sukses terus!",
                "price": 1.0,
                "assigned_to": null,
                "status": "open"
            }
        ],
        "channel_id": "1459579645619081470",
        "message_id": "1459636529122250852",
        "liked_by": [],
        "retweeted_by": [],
        "followed_by": [],
        "expiry_timestamp": 1768334067
    },
    "1459640201876996412": {
        "requester_id": "985807246665584680",
        "link": "https://x.com/username/status/123",
        "tasks": [
            {
                "type": "comment",
                "text": "keren banget!",
                "price": 1.0,
                "assigned_to": null,
                "status": "open"
            },
            {
                "type": "comment",
                "text": "mantap nih",
                "price": 1.0,
                "assigned_to": null,
                "status": "open"
            },
            {
                "type": "comment",
                "text": "sukses terus!",
                "price": 1.0,
                "assigned_to": null,
                "status": "open"
            }
        ],
        "channel_id": "1459579645619081470",
        "message_id": "1459640201876996412",
        "liked_by": [],
        "retweeted_by": [],
        "followed_by": [],
        "expiry_timestamp": 1768334943
    },
    "1459655851533926664": {
        "requester_id": "985807246665584680",
        "link": "https://x.com/username/status/123",
        "tasks": [
            {
                "type": "comment",
                "text": "keren banget!",
                "price": 1.0,
                "assigned_to": null,
                "status": "open"
            },
            {
                "type": "comment",
                "text": "mantap nih",
                "price": 1.0,
                "assigned_to": null,
                "status": "open"
            }
        ],
        "channel_id": "1459579645619081470",
        "message_id": "1459655851533926664",
        "liked_by": [],
        "retweeted_by": [],
        "followed_by": [],
        "expiry_timestamp": 1768338674
    },
    "1459657744629104851": {
        "requester_id": "985807246665584680",
        "link": "https://x.com/username/status/123",
        "tasks": [
            {
                "type": "comment",
                "text": "keren banget!",
                "price": 1.0,
                "assigned_to": null,
                "status": "open"
            },
            {
                "type": "comment",
                "text": "mantap nih",
                "price": 1.0,
                "assigned_to": null,
                "status": "open"
            },
            {
                "type": "comment",
                "text": "sukses terus!",
                "price": 1.0,
                "assigned_to": null,
                "status": "open"
            }
        ],
        "channel_id": "1459579645619081470",
        "message_id": "1459657744629104851",
        "liked_by": [],
        "retweeted_by": [],
        "followed_by": [],
        "expiry_timestamp": 1768339125
    },
    "1459659603334926357": {
        "requester_id": "985807246665584680",
        "link": "https://x.com/username/status/123",
        "tasks": [
            {
                "type": "comment",
                "text": "keren banget!",
                "price": 1.0,
                "assigned_to": null,
                "status": "open"
            },
            {
                "type": "comment",
                "text": "mantap nih",
                "price": 1.0,
                "assigned_to": null,
                "status": "open"
            },
            {
                "type": "comment",
                "text": "sukses terus!",
                "price": 1.0,
                "assigned_to": null,
                "status": "open"
            }
        ],
        "channel_id": "1459579645619081470",
        "message_id": "1459659603334926357",
        "liked_by": [],
        "retweeted_by": [],
        "followed_by": [],
        "expiry_timestamp": 1768339568
    },
    "1459664705621721191": {
        "requester_id": "985807246665584680",
        "link": "https://x.com/username/status/123",
        "tasks": [
            {
                "type": "comment",
                "text": "keren banget!",
                "price": 1.0,
                "assigned_to": null,
                "status": "open"
            },
            {
                "type": "comment",
                "text": "mantap nih",
                "price": 1.0,
                "assigned_to": "1459576061909012716",
                "status": "claimed"
            },
            {
                "type": "comment",
                "text": "sukses terus!",
                "price": 1.0,
                "assigned_to": null,
                "status": "open"
            }
        ],
        "channel_id": "1459579645619081470",
        "liked_by": [],
        "retweeted_by": [],
        "followed_by": [
            "1459576061909012716"
        ],
        "expiry_timestamp": 1768340784,
        "message_id": "1459664705621721191"
    },
    "1459670023017726034": {
        "requester_id": "985807246665584680",
        "link": "https://x.com/username/status/123",
        "tasks": [
            {
                "type": "comment",
                "text": "keren banget!",
                "price": 1.0,
                "assigned_to": null,
                "status": "open"
            },
            {
                "type": "comment",
                "text": "mantap nih",
                "price": 1.0,
                "assigned_to": "1459576061909012716",
                "status": "claimed"
            },
            {
                "type": "comment",
                "text": "sukses terus!",
                "price": 1.0,
                "assigned_to": null,
                "status": "open"
            }
        ],
        "channel_id": "1459579645619081470",
        "liked_by": [],
        "retweeted_by": [],
        "followed_by": [],
        "expiry_timestamp": 1768342052,
        "message_id": "1459670023017726034"
    },
    "1459673953831358508": {
        "requester_id": "985807246665584680",
        "link": "https://x.com/username/status/123",
        "tasks": [
            {
                "type": "comment",
                "text": "keren banget!",
                "price": 1.0,
                "assigned_to": null,
                "status": "open"
            },
            {
                "type": "comment",
                "text": "mantap nih",
                "price": 1.0,
                "assigned_to": "1459576061909012716",
                "status": "claimed"
            },
            {
                "type": "comment",
                "text": "sukses terus!",
                "price": 1.0,
                "assigned_to": "1459576061909012716",
                "status": "claimed"
            }
        ],
        "channel_id": "1459579645619081470",
        "liked_by": [
            "1459576061909012716"
        ],
        "retweeted_by": [
            "1459576061909012716"
        ],
        "followed_by": [],
        "expiry_timestamp": 1768342989,
        "message_id": "1459673953831358508"
    },
    "1459680639078105162": {
        "requester_id": "985807246665584680",
        "link": "https://x.com/username/status/123",
        "tasks": [
            {
                "type": "comment",
                "text": "keren banget!",
                "price": 1.0,
                "assigned_to": null,
                "status": "open"
            },
            {
                "type": "comment",
                "text": "mantap nih",
                "price": 1.0,
                "assigned_to": null,
                "status": "open"
            },
            {
                "type": "comment",
                "text": "sukses terus!",
                "price": 1.0,
                "assigned_to": null,
                "status": "open"
            }
        ],
        "channel_id": "1459579645619081470",
        "liked_by": [
            "1459576061909012716"
        ],
        "retweeted_by": [],
        "followed_by": [],
        "expiry_timestamp": 1768344583,
        "message_id": "1459680639078105162"
    },
    "1459686952248016991": {
        "requester_id": "985807246665584680",
        "link": "https://x.com/username/status/123",
        "tasks": [
            {
                "type": "comment",
                "text": "keren banget!",
                "price": 1.0,
                "assigned_to": null,
                "status": "open"
            },
            {
                "type": "comment",
                "text": "mantap nih",
                "price": 1.0,
                "assigned_to": null,
                "status": "open"
            },
            {
                "type": "comment",
                "text": "sukses terus!",
                "price": 1.0,
                "assigned_to": null,
                "status": "open"
            }
        ],
        "channel_id": "1459579645619081470",
        "liked_by": [],
        "retweeted_by": [],
        "followed_by": [],
        "expiry_timestamp": 1768346088,
        "message_id": "1459686952248016991"
    },
    "1459690406219481230": {
        "requester_id": "985807246665584680",
        "link": "https://x.com/username/status/123",
        "tasks": [
            {
                "type": "comment",
                "text": "keren banget!",
                "price": 1.0,
                "assigned_to": null,
                "status": "open"
            },
            {
                "type": "comment",
                "text": "mantap nih",
                "price": 1.0,
                "assigned_to": null,
                "status": "open"
            }
        ],
        "channel_id": "1459579645619081470",
        "liked_by": [],
        "retweeted_by": [],
        "followed_by": [],
        "expiry_timestamp": 1768346912,
        "message_id": "1459690406219481230"
    },
    "1459690627926331520": {
        "requester_id": "985807246665584680",
        "link": "https://x.com/username/status/1233",
        "tasks": [
            {
                "type": "comment",
                "text": "keren banget!",
                "price": 1.0,
                "assigned_to": null,
                "status": "open"
            },
            {
                "type": "comment",
                "text": "mantap nih",
                "price": 1.0,
                "assigned_to": null,
                "status": "open"
            },
            {
                "type": "comment",
                "text": "sukses terus!",
                "price": 1.0,
                "assigned_to": null,
                "status": "open"
            }
        ],
        "channel_id": "1459579645619081470",
        "liked_by": [
            "1459576061909012716"
        ],
        "retweeted_by": [],
        "followed_by": [],
        "expiry_timestamp": 1768346965,
        "message_id": "1459690627926331520"
    },
    "1459695096101470433": {
        "requester_id": "985807246665584680",
        "link": "https://x.com/username/status/adf1123",
        "tasks": [
            {
                "type": "comment",
                "text": "keren banget!",
                "price": 1.0,
                "assigned_to": null,
                "status": "open"
            },
            {
                "type": "comment",
                "text": "mantap nih",
                "price": 1.0,
                "assigned_to": null,
                "status": "open"
            }
        ],
        "channel_id": "1459579645619081470",
        "liked_by": [
            "1459576061909012716"
        ],
        "retweeted_by": [
            "1459576061909012716"
        ],
        "followed_by": [
            "1459576061909012716"
        ],
        "expiry_timestamp": 1768348030,
        "message_id": "1459695096101470433"
    }
}